{
    "sleep_hours": 5.944135,
    "study_hours": 6.2144140000000005,
    "screen_time_hours": 5.289651,
    "exercise_mins": 27.55959,
    "mood_score": 3.295959,
    "stress_level": 2.9646980000000003,
    "caffeine_intake": 2.75049,
    "water_litres": 2.307828,
    "deep_focus_blocks": 3.4507,
    "social_media_mins": 110.88499,
    "day_of_week": "Monday",
    "is_weekend": 0
}